{"accuracy": [0.2321428507566452, 0.3511904776096344, 0.4801587164402008, 0.5694444179534912, 0.6944444179534912, 0.7430555820465088, 0.829365074634552, 0.8680555820465088, 0.898809552192688, 0.9117063283920288, 0.9265872836112976], "loss": [2.2248828411102295, 1.7945514917373657, 1.4878413677215576, 1.1940102577209473, 0.9020346403121948, 0.7451187968254089, 0.5289605855941772, 0.442364901304245, 0.3748852014541626, 0.316238671541214, 0.2709035277366638], "val_accuracy": [0.15740740299224854, 0.18981482088565826, 0.18981482088565826, 0.19907407462596893, 0.22685185074806213, 0.22685185074806213, 0.2222222238779068, 0.21759259700775146, 0.21759259700775146, 0.1805555522441864, 0.1527777761220932], "val_loss": [2.223871946334839, 6.982387542724609, 15.386275291442871, 24.235713958740234, 32.480831146240234, 42.67583084106445, 48.062442779541016, 59.32402801513672, 64.62688446044922, 73.38883209228516, 71.63715362548828], "learning_rate": [0.0010000000474974513, 0.0010000000474974513, 0.0010000000474974513, 0.0010000000474974513, 0.0010000000474974513, 0.0010000000474974513, 0.0005000000237487257, 0.0005000000237487257, 0.0005000000237487257, 0.0005000000237487257, 0.0005000000237487257]}