{"accuracy": [0.2212301641702652, 0.3670634925365448, 0.4821428656578064, 0.596230149269104, 0.6785714030265808, 0.7341269850730896, 0.83432537317276, 0.8740079402923584, 0.9057539701461792, 0.913690447807312], "loss": [2.28841495513916, 1.7301886081695557, 1.3902097940444946, 1.1276212930679321, 0.9025353789329529, 0.7537245154380798, 0.5266183018684387, 0.42911988496780396, 0.3423286974430084, 0.325825572013855], "val_accuracy": [0.1666666716337204, 0.13425925374031067, 0.13425925374031067, 0.13425925374031067, 0.13425925374031067, 0.13425925374031067, 0.13425925374031067, 0.13425925374031067, 0.13425925374031067, 0.13425925374031067], "val_loss": [2.2161738872528076, 9.418342590332031, 16.5766544342041, 27.569982528686523, 40.05009841918945, 51.61768341064453, 63.46561050415039, 70.29273223876953, 76.91641235351562, 80.9705581665039], "learning_rate": [0.0010000000474974513, 0.0010000000474974513, 0.0010000000474974513, 0.0010000000474974513, 0.0010000000474974513, 0.0010000000474974513, 0.0005000000237487257, 0.0005000000237487257, 0.0005000000237487257, 0.0005000000237487257]}