{"accuracy": [0.2371031790971756, 0.3452380895614624, 0.4851190447807312, 0.579365074634552, 0.6626983880996704, 0.7400793433189392, 0.8313491940498352, 0.858134925365448, 0.891865074634552, 0.9176587462425232, 0.9384920597076416], "loss": [2.260202169418335, 1.726174235343933, 1.4534939527511597, 1.1498984098434448, 0.9470654726028442, 0.7530238032341003, 0.5529359579086304, 0.45349207520484924, 0.3580602705478668, 0.32691046595573425, 0.2703929543495178], "val_accuracy": [0.13425925374031067, 0.12962962687015533, 0.13425925374031067, 0.13425925374031067, 0.13425925374031067, 0.15740740299224854, 0.14351852238178253, 0.1527777761220932, 0.19907407462596893, 0.2083333283662796, 0.21759259700775146], "val_loss": [2.288118600845337, 4.39348840713501, 8.879204750061035, 15.588519096374512, 20.627281188964844, 26.110034942626953, 32.798282623291016, 37.322208404541016, 39.54645919799805, 42.031349182128906, 36.11652374267578], "learning_rate": [0.0010000000474974513, 0.0010000000474974513, 0.0010000000474974513, 0.0010000000474974513, 0.0010000000474974513, 0.0010000000474974513, 0.0005000000237487257, 0.0005000000237487257, 0.0005000000237487257, 0.0005000000237487257, 0.0005000000237487257]}