{
    "accuracy": [
        0.12999999523162842,
        0.14499999582767487,
        0.14000000059604645,
        0.17000000178813934,
        0.17499999701976776,
        0.27000001072883606,
        0.20999999344348907,
        0.20000000298023224,
        0.2199999988079071,
        0.26499998569488525,
        0.2800000011920929,
        0.27000001072883606,
        0.26499998569488525,
        0.24500000476837158,
        0.24500000476837158,
        0.2800000011920929,
        0.26499998569488525,
        0.23499999940395355,
        0.2849999964237213,
        0.25999999046325684,
        0.24500000476837158,
        0.29499998688697815,
        0.26499998569488525,
        0.24500000476837158,
        0.2800000011920929,
        0.3100000023841858,
        0.3799999952316284,
        0.2750000059604645,
        0.3149999976158142,
        0.28999999165534973,
        0.26499998569488525,
        0.27000001072883606,
        0.28999999165534973,
        0.3100000023841858,
        0.30000001192092896,
        0.3050000071525574,
        0.25999999046325684,
        0.33000001311302185,
        0.25,
        0.2849999964237213,
        0.29499998688697815,
        0.2750000059604645,
        0.29499998688697815,
        0.3100000023841858,
        0.2849999964237213,
        0.3199999928474426,
        0.3199999928474426,
        0.2549999952316284,
        0.3199999928474426,
        0.2750000059604645
    ],
    "val_accuracy": [
        0.10000000149011612,
        0.1599999964237213,
        0.1599999964237213,
        0.1599999964237213,
        0.1599999964237213,
        0.1599999964237213,
        0.1599999964237213,
        0.1599999964237213,
        0.1599999964237213,
        0.1599999964237213,
        0.1599999964237213,
        0.1599999964237213,
        0.1599999964237213,
        0.1599999964237213,
        0.1599999964237213,
        0.1599999964237213,
        0.1599999964237213,
        0.1599999964237213,
        0.1599999964237213,
        0.1599999964237213,
        0.1599999964237213,
        0.1599999964237213,
        0.1599999964237213,
        0.1599999964237213,
        0.1599999964237213,
        0.1599999964237213,
        0.1599999964237213,
        0.1599999964237213,
        0.1599999964237213,
        0.1599999964237213,
        0.1599999964237213,
        0.14000000059604645,
        0.14000000059604645,
        0.14000000059604645,
        0.14000000059604645,
        0.14000000059604645,
        0.14000000059604645,
        0.14000000059604645,
        0.14000000059604645,
        0.14000000059604645,
        0.14000000059604645,
        0.14000000059604645,
        0.14000000059604645,
        0.14000000059604645,
        0.14000000059604645,
        0.14000000059604645,
        0.14000000059604645,
        0.1599999964237213,
        0.1599999964237213,
        0.1599999964237213
    ],
    "loss": [
        3.0112338066101074,
        2.801680564880371,
        2.8592300415039062,
        2.8593497276306152,
        2.5986557006835938,
        2.3410184383392334,
        2.490478992462158,
        2.1325974464416504,
        2.2314305305480957,
        2.206768751144409,
        2.1500661373138428,
        2.3717117309570312,
        2.2143969535827637,
        2.2543532848358154,
        2.279265880584717,
        2.1219611167907715,
        1.970200538635254,
        2.060699462890625,
        2.032397747039795,
        2.143737554550171,
        2.093905210494995,
        2.014167547225952,
        2.14421010017395,
        2.187741994857788,
        2.0603749752044678,
        1.9949663877487183,
        1.855739712715149,
        2.17631459236145,
        1.984993577003479,
        2.0649423599243164,
        2.0420279502868652,
        2.021737813949585,
        2.0721890926361084,
        1.9136910438537598,
        1.9951509237289429,
        1.8931776285171509,
        2.104173183441162,
        1.9253696203231812,
        2.093672275543213,
        2.0249862670898438,
        1.946378469467163,
        1.9571112394332886,
        2.10203218460083,
        2.032125473022461,
        2.010981321334839,
        2.0560083389282227,
        2.014683246612549,
        2.0735442638397217,
        1.945894718170166,
        2.129995107650757
    ],
    "val_loss": [
        1.9775466918945312,
        1.993227481842041,
        2.021561622619629,
        2.0582058429718018,
        2.10966420173645,
        2.171881675720215,
        2.231825828552246,
        2.299910068511963,
        2.3681867122650146,
        2.4499869346618652,
        2.5370922088623047,
        2.6303231716156006,
        2.715313673019409,
        2.8026580810546875,
        2.9104983806610107,
        3.0196621417999268,
        3.1249499320983887,
        3.2372982501983643,
        3.3515896797180176,
        3.4717650413513184,
        3.571608066558838,
        3.680725336074829,
        3.783705949783325,
        3.885685682296753,
        3.9972083568573,
        4.093240737915039,
        4.203945159912109,
        4.312124729156494,
        4.4245100021362305,
        4.5265727043151855,
        4.629629135131836,
        4.7261881828308105,
        4.821539402008057,
        4.8986711502075195,
        4.974360466003418,
        5.043203830718994,
        5.111151218414307,
        5.16684627532959,
        5.2203049659729,
        5.274080753326416,
        5.294218063354492,
        5.310233116149902,
        5.319495677947998,
        5.308647632598877,
        5.304434776306152,
        5.284539699554443,
        5.212151527404785,
        5.163046836853027,
        5.088627338409424,
        4.985276699066162
    ]
}