{"accuracy": [0.2380952388048172, 0.358134925365448, 0.5148809552192688, 0.5813491940498352, 0.7063491940498352, 0.773809552192688, 0.8234127163887024, 0.8710317611694336, 0.9057539701461792, 0.9196428656578064, 0.9365079402923584], "loss": [2.178812265396118, 1.7264316082000732, 1.3473412990570068, 1.141811490058899, 0.8552802205085754, 0.7068278193473816, 0.5548927187919617, 0.4327005445957184, 0.37653279304504395, 0.30183687806129456, 0.26234742999076843], "val_accuracy": [0.2222222238779068, 0.2222222238779068, 0.19907407462596893, 0.19907407462596893, 0.19907407462596893, 0.20370370149612427, 0.19907407462596893, 0.19907407462596893, 0.19907407462596893, 0.2083333283662796, 0.19907407462596893], "val_loss": [2.1686642169952393, 3.3044416904449463, 8.715513229370117, 13.342052459716797, 17.897056579589844, 20.393571853637695, 24.826108932495117, 27.743839263916016, 31.613664627075195, 30.974878311157227, 38.96367645263672], "learning_rate": [0.0010000000474974513, 0.0010000000474974513, 0.0010000000474974513, 0.0010000000474974513, 0.0010000000474974513, 0.0010000000474974513, 0.0005000000237487257, 0.0005000000237487257, 0.0005000000237487257, 0.0005000000237487257, 0.0005000000237487257]}