{
    "0": {
        "precision": 0.23275862068965517,
        "recall": 0.627906976744186,
        "f1-score": 0.33962264150943394,
        "support": 43.0
    },
    "1": {
        "precision": 0.0,
        "recall": 0.0,
        "f1-score": 0.0,
        "support": 28.0
    },
    "2": {
        "precision": 0.0,
        "recall": 0.0,
        "f1-score": 0.0,
        "support": 29.0
    },
    "3": {
        "precision": 0.0,
        "recall": 0.0,
        "f1-score": 0.0,
        "support": 29.0
    },
    "4": {
        "precision": 0.0,
        "recall": 0.0,
        "f1-score": 0.0,
        "support": 29.0
    },
    "5": {
        "precision": 0.19,
        "recall": 0.6551724137931034,
        "f1-score": 0.29457364341085274,
        "support": 29.0
    },
    "6": {
        "precision": 0.0,
        "recall": 0.0,
        "f1-score": 0.0,
        "support": 29.0
    },
    "accuracy": 0.21296296296296297,
    "macro avg": {
        "precision": 0.06039408866995074,
        "recall": 0.18329705579104136,
        "f1-score": 0.09059946927432667,
        "support": 216.0
    },
    "weighted avg": {
        "precision": 0.07184546615581099,
        "recall": 0.21296296296296297,
        "f1-score": 0.10715930205472403,
        "support": 216.0
    }
}