emotion,precision,recall,f1_score,support
calm,0.0,0.0,0.0,43.0
happy,0.0,0.0,0.0,28.0
sad,0.0,0.0,0.0,29.0
angry,0.0,0.0,0.0,29.0
fearful,0.24324324324324326,0.3103448275862069,0.2727272727272727,29.0
disgust,0.15083798882681565,0.9310344827586207,0.25961538461538464,29.0
surprised,0.0,0.0,0.0,29.0
