emotion,precision,recall,f1_score,support
calm,0.25,0.27906976744186046,0.26373626373626374,43.0
happy,0.0,0.0,0.0,28.0
sad,0.1377245508982036,0.7931034482758621,0.23469387755102042,29.0
angry,0.0,0.0,0.0,29.0
fearful,0.0,0.0,0.0,29.0
disgust,0.0,0.0,0.0,29.0
surprised,0.0,0.0,0.0,29.0
