emotion,precision,recall,f1_score,support
calm,0.23275862068965517,0.627906976744186,0.33962264150943394,43.0
happy,0.0,0.0,0.0,28.0
sad,0.0,0.0,0.0,29.0
angry,0.0,0.0,0.0,29.0
fearful,0.0,0.0,0.0,29.0
disgust,0.19,0.6551724137931034,0.29457364341085274,29.0
surprised,0.0,0.0,0.0,29.0
