emotion,precision,recall,f1_score,support
calm,0.0,0.0,0.0,43.0
happy,0.0,0.0,0.0,28.0
sad,0.0,0.0,0.0,29.0
angry,0.0,0.0,0.0,29.0
fearful,0.13488372093023257,1.0,0.23770491803278687,29.0
disgust,0.0,0.0,0.0,29.0
surprised,0.0,0.0,0.0,29.0
